{
    "actiondetect": 4.577361874625012,
    "actiondetect_tasti": 0.16496889799964265,
    "brightness": 0.8508405949999087,
    "classification": 1.025287593250141,
    "deepfaceAge": 4.274075136125248,
    "deepfaceGender": 3.4694722047497635,
    "deepfaceRace": 3.413524130000951,
    "deepfaceSuffixAge": 0.9765861777505052,
    "deepfaceSuffixGender": 0.9656046899999637,
    "deepfaceSuffixRace": 0.9620584589993086,
    "dfprefixembed": 2.987162064626318,
    "emotiondetect": 10.661212726249914,
    "emotiondetect_cascades": 4.268482491124814,
    "emotiondetect_tasti": 0.18916396612439712,
    "facedetect": 4.056205436874961,
    "facedetect_tasti": 0.18595183424986317,
    "img2vec": 2.256205700625287,
    "motion": 0.9686990474997401,
    "objectdetect": 1.494417125499922,
    "objectdetect_large": 4.6734750306250135,
    "objectdetect_medium": 3.564752714750284,
    "objectdetect_nano": 0.7114962233749793,
    "objectdetect_tasti": 0.18490603887494217,
    "objectdetect_xlarge": 10.26649145337501,
    "objecttrack": 0.958294322124857,
    "proxyclassification": 0.31728722025013667,
    "qclassification": 1.01613375775014,
    "similarity": 0.39383969325012913,
    "svm": 1.1521279690000483,
    "transcriptsearch": 0.04476762099989173
}